planes,elemento,texto_2024,texto_2026,tipo,efecto_en_recursos
PF1474 PF1477 PF1478 PF1479,Competencia del módulo,"DESARROLLAR PÁGINAS WEB BÁSICAS RESPONSIVAS UTILIZANDO HTML, CSS Y JAVASCRIPT DE ACUERDO A LOS REQUERIMIENTOS Y ACORDE A LAS BUENAS PRÁCTICAS DE LA INDUSTRIA","IMPLEMENTAR PÁGINAS WEB BÁSICAS RESPONSIVAS UTILIZANDO HTML, CSS Y JAVASCRIPT DE ACUERDO A LOS REQUERIMIENTOS Y ACORDE A LAS BUENAS PRÁCTICAS DE LA INDUSTRIA.",Cambia el verbo,"Ninguno en los contenidos: los 7 aprendizajes, los 32 criterios y los contenidos son los mismos de 2024."
PF1483,Competencia del módulo,"CODIFICAR RUTINAS PARA DAR SOLUCIÓN UNA PROBLEMÁTICA DE BAJA COMPLEJIDAD UTILIZANDO EL LENGUAJE PYTHON.","CODIFICAR RUTINAS UTILIZANDO EL LENGUAJE PYTHON PARA DAR SOLUCIÓN A UNA PROBLEMÁTICA DE BAJA COMPLEJIDAD SEGÚN BUENAS PRÁCTICAS DE LA INDUSTRIA.",Agrega «según buenas prácticas de la industria»,"Los ejemplos y ejercicios de código deben mostrar buenas prácticas de forma explícita."
PF1483,AE1,"DISTINGUIR LAS CARACTERÍSTICAS / APLICAR LAS PRINCIPALES HERRAMIENTAS DEL LENGUAJE PYTHON Y SU UTILIZACIÓN PARA RESOLVER DISTINTAS PROBLEMÁTICAS EN EL ENTORNO DE TRABAJO. (borrador con dos verbos)","EXPLICAR LAS PRINCIPALES HERRAMIENTAS DEL LENGUAJE PYTHON PARA RESOLVER DISTINTAS PROBLEMÁTICAS EN EL ENTORNO DE TRABAJO.",Cambia el verbo (queda EXPLICAR),"Si el recurso 2024 se hizo sobre «aplicar», sirve; si se hizo sobre «distinguir», también. Revisar que explique las herramientas del entorno."
PF1483,Criterio 1.1,"ENUMERA LAS / RECONOCER LAS APLICACIONES EN DONDE PUEDE SER UTILIZADO EL LENGUAJE PYTHON. (borrador con dos verbos)","COMPRENDE LAS APLICACIONES EN DONDE PUEDE SER UTILIZADO EL LENGUAJE PYTHON.",Cambia el verbo (queda COMPRENDE),"Pide comprender, no solo enumerar: el recurso debe explicar para qué sirve Python en cada campo, con ejemplos."
PF1483,Criterio 1.2,"APLICAR / RECONOCE LAS PRINCIPALES HERRAMIENTAS DE PYTHON CARACTERÍSTICAS EN EL ENTONRNO DE TRABAJO DE VISUAL ESTUDIO CODE. / DE LOS ENTORNOS DE TRABAJO PARA UTILIZAR PYTHON (borrador con dos redacciones)","DISTINGUE LAS PRINCIPALES HERRAMIENTAS DE PYTHON CARACTERÍSTICAS EN EL ENTONRNO DE TRABAJO DE VISUAL ESTUDIO CODE.",Cambia el verbo (queda DISTINGUE),"Pide distinguir: conviene un cuadro comparativo de las herramientas, no solo nombrarlas."
PF1483,AE2,"RECONOCER / APLICAR EL CONCEPTO DE VARIABLE, TIPOS DE DATO FUNDAMENTALES Y EXPRESIONES ARITMÉTICAS UTILIZANDO EL LENGUAJE PYTHON PARA LA CREACIÓN DE UNA RUTINA DE BAJÍSIMA / BAJA COMPLEJIDAD. CODIFICAR UNA RUTINA DE BAJA COMPLEJIDAD EN LENGUAJE PYTHON EN EL ENTORNO DE VISUAL ESTUDIO CODE. (borrador)","APLICAR EL CONCEPTO DE VARIABLE, TIPOS DE DATO FUNDAMENTALES Y EXPRESIONES ARITMÉTICAS UTILIZANDO EL LENGUAJE PYTHON PARA LA CREACIÓN DE UNA RUTINA DE BAJA COMPLEJIDAD.",Queda un solo verbo (APLICAR) y sale la segunda oración,"Ninguno de fondo: sigue pidiendo una rutina de baja complejidad en Python."
PF1483,AE5,"UTILIZAR / RECONOCER LAS ESTRUCTURAS DE DATOS DE TIPO COLECCIÓN DEL LENGUAJE PYTHON JUNTO A SUS CARACTERÍSTICAS Y UTILIDAD PARA RESOLVER UN PROBLEMA SEGÚN LENGUAJE PYTHON. (borrador con dos verbos)","APLICAR LAS ESTRUCTURAS DE DATO DE TIPO COLECCIÓN DEL LENGUAJE PYTHON JUNTO A SUS CARACTERÍSTICAS Y UTILIDAD PARA RESOLVER UN PROBLEMA.",Cambia el verbo (queda APLICAR),"Si el recurso 2024 solo reconocía las colecciones, falta práctica: ejercicios con listas, diccionarios, tuplas y sets."
PF1483,Criterios 3.3 y 6.3,"UTILIZAR ESTRUCTURAS DE CONTROL DE FLUJO… / CODIFICAR UNA RUTINA QUE RESUELVE… (en infinitivo)","UTILIZA ESTRUCTURAS DE CONTROL DE FLUJO… / CODIFICA UNA RUTINA QUE RESUELVE… (en presente)",Forma verbal,Ninguno.
PF1483,Contenidos del AE7,"7. CONCEPTOS BÁSICOS DE ORIENTACIÓN A OBJETO EN PYTHON","7. PROGRAMACIÓN ORIENTADA A OBJETOS EN PYTHON",Cambia el título del tema,Ninguno: los subtemas son los mismos.
PF1487,"Criterios 1.1, 1.2 y 4.2","DESCRIBIR LAS APLICACIONES… / APLICAR LAS CARACTERÍSTICAS DE LOS ENTORNOS DE TRABAJO PARA UTILIZAR EL LENGUAJE PYTHON. / …ADECUADAS EN LENGUAJE PYTHON…","DESCRIBE LAS APLICACIONES… / APLICA LAS CARACTERÍSTICAS DE LOS ENTORNOS DE TRABAJO PARA UTILIZAR EL PYTHON. / …ADECUADAS EN PYTHON…",Forma verbal y redacción,Ninguno.
PF1462,Criterio 1.1,"…FUNDAMENTALES Y PINRCIPALES CASOS DE USO…","…FUNDAMENTALES Y PRINCIPALES CASOS DE USO…",Errata corregida,Ninguno.
PF1485,Contenidos del AE5,"…ESTRATEGOS PARA UNA IMPLEMENTACIÓN EXITOSA…","…ESTRATEGIAS PARA UNA IMPLEMENTACIÓN EXITOSA…",Errata corregida,Ninguno.
Los 13 que existían en 2024,Modalidad,"El módulo figuraba «E-LEARNING Y PRESENCIAL» (PF1483: «E-LEARNING»)","Los 15 planes 2026 son «SOLO E-LEARNING»",Cambia la modalidad,"Un recurso pensado para clase presencial (guía del relator, actividad en sala) tiene que funcionar solo en el LMS, sin relator al lado."
PF1821 PF1822,Todo el módulo 2,No existía en 2024,"Planes nuevos: Res. 1868 del 05-08-2026, versión 1",Plan nuevo,"No hay recursos de años anteriores: se desarrollan desde cero (ya están hechos en NATY 2.0)."
