verbo,formas,nivel,categoria
RECONOCER,RECONOCER|RECONOCE,1,Recordar
IDENTIFICAR,IDENTIFICAR|IDENTIFICA,1,Recordar
DEFINIR,DEFINIR|DEFINE,1,Recordar
DESCRIBIR,DESCRIBIR|DESCRIBE,2,Comprender
EXPLICAR,EXPLICAR|EXPLICA,2,Comprender
COMPRENDER,COMPRENDER|COMPRENDE,2,Comprender
CLASIFICAR,CLASIFICAR|CLASIFICA,2,Comprender
EJEMPLIFICAR,EJEMPLIFICAR|EJEMPLIFICA,2,Comprender
CONTRASTAR,CONTRASTAR|CONTRASTA,2,Comprender
EXPONER,EXPONER|EXPONE,2,Comprender
RELACIONAR,RELACIONAR|RELACIONA,2,Comprender
REPRESENTAR,REPRESENTAR|REPRESENTA,2,Comprender
ESTABLECER,ESTABLECER|ESTABLECE,2,Comprender
APLICAR,APLICAR|APLICA,3,Aplicar
UTILIZAR,UTILIZAR|UTILIZA,3,Aplicar
EJECUTAR,EJECUTAR|EJECUTA,3,Aplicar
IMPLEMENTAR,IMPLEMENTAR|IMPLEMENTA,3,Aplicar
REALIZAR,REALIZAR|REALIZA,3,Aplicar
CALCULAR,CALCULAR|CALCULA,3,Aplicar
MANIPULAR,MANIPULAR|MANIPULA,3,Aplicar
CONFIGURAR,CONFIGURAR|CONFIGURA,3,Aplicar
CODIFICAR,CODIFICAR|CODIFICA,3,Aplicar
GESTIONAR,GESTIONAR|GESTIONA,3,Aplicar
CONECTAR,CONECTAR|CONECTA,3,Aplicar
CONTROLAR,CONTROLAR|CONTROLA,3,Aplicar
INCORPORAR,INCORPORAR|INCORPORA,3,Aplicar
AJUSTAR,AJUSTAR|AJUSTA,3,Aplicar
ANALIZAR,ANALIZAR|ANALIZA,4,Analizar
DISTINGUIR,DISTINGUIR|DISTINGUE,4,Analizar
DIFERENCIAR,DIFERENCIAR|DIFERENCIA,4,Analizar
ORGANIZAR,ORGANIZAR|ORGANIZA,4,Analizar
ESTRUCTURAR,ESTRUCTURAR|ESTRUCTURA,3,Aplicar
INTEGRAR,INTEGRAR|INTEGRA,4,Analizar
SELECCIONAR,SELECCIONAR|SELECCIONA,4,Analizar
EVALUAR,EVALUAR|EVALÚA|EVALUA,5,Evaluar
VALORAR,VALORAR|VALORA,5,Evaluar
OPTIMIZAR,OPTIMIZAR|OPTIMIZA,5,Evaluar
CREAR,CREAR|CREA,6,Crear
DISEÑAR,DISEÑAR|DISEÑA,6,Crear
DESARROLLAR,DESARROLLAR|DESARROLLA,6,Crear
ELABORAR,ELABORAR|ELABORA,3,Aplicar
FORMULAR,FORMULAR|FORMULA,6,Crear
PROPONER,PROPONER|PROPONE,6,Crear
