termino,definicion,aprendizaje
"Autoalojamiento","Instalar una aplicación en infraestructura propia en vez de usarla como servicio del proveedor.","AE1"
"Canvas","Lienzo del editor de n8n donde se ven y se conectan los nodos de un workflow.","AE2"
"Caso borde","Entrada poco común o no prevista, como un campo vacío o un valor inesperado, que puede romper la lógica.","AE4"
"Clave foránea","Columna que guarda el identificador de una fila de otra tabla y así las relaciona, como pedido_id en devoluciones.","AE3"
"Conexión","Línea que une dos nodos y define por dónde pasan los datos.","AE1"
"Credencial","Dato de acceso a otro servicio que n8n guarda cifrado y fuera del workflow.","AE1 · AE3"
"CRUD","Las cuatro operaciones básicas sobre datos: crear, leer, actualizar y borrar.","AE3"
"Datos fijados","Salida de un nodo que se deja fija (*pin data*) para probar los nodos siguientes sin repetir el trigger.","AE2"
"Edit Fields (Set)","Nodo que crea, modifica o elimina campos de los ítems y declara su tipo.","AE3"
"Ejecución","Cada vez que un workflow corre de principio a fin, registrada con los datos de cada nodo.","AE1"
"Error Trigger","Nodo que inicia un workflow de errores cada vez que falla una ejecución de otro workflow.","AE4"
"Expresión","Código entre dobles llaves que n8n evalúa para cada ítem, como {{ $json.email }}.","AE3"
"Historial de ejecuciones","Registro de cada vez que corrió un workflow, con su estado y los datos de cada nodo.","AE4"
"If","Nodo que evalúa una condición y envía cada ítem por la salida verdadera o por la falsa.","AE4"
"Ítem","Unidad de datos que pasa de un nodo a otro en n8n; es un objeto JSON con campos y valores.","AE3"
"Merge","Nodo que une los ítems de dos entradas, a continuación o combinándolos por un campo, por posición o en todas sus combinaciones.","AE3"
"Nodo","Cada paso de un workflow en n8n; puede ser disparador, acción, lógica o transformación.","AE1"
"Operador lógico","Operador que combina condiciones: AND exige todas, OR al menos una y la negación invierte el resultado.","AE4"
"Panel de configuración","Vista que se abre al hacer doble clic en un nodo, con sus parámetros, su credencial, sus ajustes y los paneles de entrada y salida.","AE2"
"Parámetro","Dato que un nodo necesita para hacer su trabajo, como la operación, la tabla o un campo.","AE2"
"ROI","Retorno de la inversión; compara el beneficio obtenido con el costo de lograrlo.","AE1"
"Salida de respaldo","Salida extra del Switch (*Fallback Output*) que recibe los ítems que no cumplen ninguna regla.","AE4"
"Schedule Trigger","Trigger que ejecuta un workflow cada cierto tiempo o en un momento fijo.","AE2"
"Summarize","Nodo que agrupa los ítems por uno o más campos y calcula sumas, conteos o promedios por grupo.","AE3"
"Switch","Nodo que envía cada ítem a una de varias salidas según reglas o según el resultado de una expresión.","AE4"
"Trazabilidad","Capacidad de reconstruir qué pasó con cada dato: su ruta, su decisión y su ejecución.","AE4"
"Trigger","Nodo disparador que inicia un workflow, como la llegada de un formulario o una hora programada.","AE1"
"URL de producción","Dirección de un formulario o webhook que recibe datos cuando el workflow está activo.","AE2"
"URL de prueba","Dirección de un formulario o webhook que solo recibe datos mientras el editor está escuchando.","AE2"
"Webhook","URL que entrega n8n para que otra aplicación inicie un workflow enviando una solicitud HTTP.","AE2"
"Workflow","Secuencia de pasos que transforma una entrada en un resultado; automatizado, se ejecuta solo al ocurrir un disparador.","AE1"
